org,band_pct,uom,year,goal_pct,payout_usd
ADC,1.1,hrs,2024,0.1221,2
ADC,1.05,hrs,2024,0.1165,1.5
ADC,1,hrs,2024,0.111,1.15
ADC,0.95,hrs,2024,0.1054,1
ADC,0.9,hrs,2024,0.0999,0.8
ADC,0.85,hrs,2024,0.0943,0.5
ADC,0.8,hrs,2024,0.0888,0.3
ADC,0,hrs,2024,0,0
ASC,1.1,hrs,2024,0.177,2
ASC,1.05,hrs,2024,0.169,1.5
ASC,1,hrs,2024,0.1609,1.15
ASC,0.95,hrs,2024,0.1529,1
ASC,0.9,hrs,2024,0.1448,0.8
ASC,0.85,hrs,2024,0.1368,0.5
ASC,0.8,hrs,2024,0.1287,0.3
ASC,0,hrs,2024,0,0
ATL,1.1,hrs,2024,1.2529,3
ATL,1.05,hrs,2024,1.1959,2.25
ATL,1,hrs,2024,1.139,1.75
ATL,0.95,hrs,2024,1.082,1.5
ATL,0.9,hrs,2024,1.0251,1.25
ATL,0.85,hrs,2024,0.9681,0.75
ATL,0.8,hrs,2024,0.9112,0.5
ATL,0,hrs,2024,0,0
CHA,1.1,hrs,2024,0.9707,3
CHA,1.05,hrs,2024,0.9265,2.25
CHA,1,hrs,2024,0.8824,1.75
CHA,0.95,hrs,2024,0.8383,1.5
CHA,0.9,hrs,2024,0.7942,1.25
CHA,0.85,hrs,2024,0.7501,0.75
CHA,0.8,hrs,2024,0.7059,0.5
CHA,0,hrs,2024,0,0
CLE,1.1,hrs,2024,0.4025,3
CLE,1.05,hrs,2024,0.3842,2.25
CLE,1,hrs,2024,0.3659,1.75
CLE,0.95,hrs,2024,0.3476,1.5
CLE,0.9,hrs,2024,0.3293,1.25
CLE,0.85,hrs,2024,0.311,0.75
CLE,0.8,hrs,2024,0.2927,0.5
CLE,0,hrs,2024,0,0
DAL,1.1,hrs,2024,0.7519,3
DAL,1.05,hrs,2024,0.7177,2.25
DAL,1,hrs,2024,0.6835,1.75
DAL,0.95,hrs,2024,0.6493,1.5
DAL,0.9,hrs,2024,0.6152,1.25
DAL,0.85,hrs,2024,0.581,0.75
DAL,0.8,hrs,2024,0.5468,0.5
DAL,0,hrs,2024,0,0
ENA,1.1,hrs,2024,1.6564,2
ENA,1.05,hrs,2024,1.5811,1.5
ENA,1,hrs,2024,1.5058,1.15
ENA,0.95,hrs,2024,1.4305,1
ENA,0.9,hrs,2024,1.3552,0.8
ENA,0.85,hrs,2024,1.2799,0.5
ENA,0.8,hrs,2024,1.2046,0.3
ENA,0,hrs,2024,0,0
ENT,1.1,hrs,2024,0.4636,2
ENT,1.05,hrs,2024,0.4425,1.5
ENT,1,hrs,2024,0.4214,1.15
ENT,0.95,hrs,2024,0.4004,1
ENT,0.9,hrs,2024,0.3793,0.8
ENT,0.85,hrs,2024,0.3582,0.5
ENT,0.8,hrs,2024,0.3371,0.3
ENT,0,hrs,2024,0,0
HAI,1.1,hrs,2024,0.5178,3
HAI,1.05,hrs,2024,0.4943,2.25
HAI,1,hrs,2024,0.4707,1.75
HAI,0.95,hrs,2024,0.4472,1.5
HAI,0.9,hrs,2024,0.4236,1.25
HAI,0.85,hrs,2024,0.4001,0.75
HAI,0.8,hrs,2024,0.3766,0.5
HAI,0,hrs,2024,0,0
JVL,1.1,hrs,2024,0.8463,3
JVL,1.05,hrs,2024,0.8078,2.25
JVL,1,hrs,2024,0.7693,1.75
JVL,0.95,hrs,2024,0.7309,1.5
JVL,0.9,hrs,2024,0.6924,1.25
JVL,0.85,hrs,2024,0.6539,0.75
JVL,0.8,hrs,2024,0.6155,0.5
JVL,0,hrs,2024,0,0
LOS,1.1,hrs,2024,0.5202,3
LOS,1.05,hrs,2024,0.4966,2.25
LOS,1,hrs,2024,0.4729,1.75
LOS,0.95,hrs,2024,0.4493,1.5
LOS,0.9,hrs,2024,0.4256,1.25
LOS,0.85,hrs,2024,0.402,0.75
LOS,0.8,hrs,2024,0.3783,0.5
LOS,0,hrs,2024,0,0
MCH,1.1,hrs,2024,0.0776,1
MCH,1.05,hrs,2024,0.0741,0.75
MCH,1,hrs,2024,0.0706,0.6
MCH,0.95,hrs,2024,0.067,0.5
MCH,0.9,hrs,2024,0.0635,0.4
MCH,0.85,hrs,2024,0.06,0.25
MCH,0.8,hrs,2024,0.0565,0.15
MCH,0,hrs,2024,0,0
MTY,1.1,hrs,2024,0.1478,1
MTY,1.05,hrs,2024,0.1411,0.75
MTY,1,hrs,2024,0.1344,0.6
MTY,0.95,hrs,2024,0.1277,0.5
MTY,0.9,hrs,2024,0.121,0.4
MTY,0.85,hrs,2024,0.1142,0.25
MTY,0.8,hrs,2024,0.1075,0.15
MTY,0,hrs,2024,0,0
MXM,1.1,hrs,2024,0.0967,1
MXM,1.05,hrs,2024,0.0923,0.75
MXM,1,hrs,2024,0.0879,0.6
MXM,0.95,hrs,2024,0.0835,0.5
MXM,0.9,hrs,2024,0.0791,0.4
MXM,0.85,hrs,2024,0.0747,0.25
MXM,0.8,hrs,2024,0.0703,0.15
MXM,0,hrs,2024,0,0
MXQ,1.1,hrs,2024,0.2896,1
MXQ,1.05,hrs,2024,0.2765,0.75
MXQ,1,hrs,2024,0.2633,0.6
MXQ,0.95,hrs,2024,0.2501,0.5
MXQ,0.9,hrs,2024,0.237,0.4
MXQ,0.85,hrs,2024,0.2238,0.25
MXQ,0.8,hrs,2024,0.2106,0.15
MXQ,0,hrs,2024,0,0
PHI,1.1,hrs,2024,0.3228,3
PHI,1.05,hrs,2024,0.3082,2.25
PHI,1,hrs,2024,0.2935,1.75
PHI,0.95,hrs,2024,0.2788,1.5
PHI,0.9,hrs,2024,0.2641,1.25
PHI,0.85,hrs,2024,0.2495,0.75
PHI,0.8,hrs,2024,0.2348,0.5
PHI,0,hrs,2024,0,0
SGP,1.1,hrs,2024,0.8281,2.3
SGP,1.05,hrs,2024,0.7905,1.75
SGP,1,hrs,2024,0.7528,1.35
SGP,0.95,hrs,2024,0.7152,1.15
SGP,0.9,hrs,2024,0.6775,1
SGP,0.85,hrs,2024,0.6399,0.6
SGP,0.8,hrs,2024,0.6023,0.4
SGP,0,hrs,2024,0,0
STO,1.1,hrs,2024,0.7989,3
STO,1.05,hrs,2024,0.7625,2.25
STO,1,hrs,2024,0.7262,1.75
STO,0.95,hrs,2024,0.6899,1.5
STO,0.9,hrs,2024,0.6536,1.25
STO,0.85,hrs,2024,0.6173,0.75
STO,0.8,hrs,2024,0.581,0.5
STO,0,hrs,2024,0,0
TOR,1.1,hrs,2024,0.8372,3
TOR,1.05,hrs,2024,0.7991,2.25
TOR,1,hrs,2024,0.761,1.75
TOR,0.95,hrs,2024,0.723,1.5
TOR,0.9,hrs,2024,0.6849,1.25
TOR,0.85,hrs,2024,0.6469,0.75
TOR,0.8,hrs,2024,0.6088,0.5
TOR,0,hrs,2024,0,0
WIE,1.1,hrs,2024,0.8146,3
WIE,1.05,hrs,2024,0.7776,2.25
WIE,1,hrs,2024,0.7405,1.75
WIE,0.95,hrs,2024,0.7035,1.5
WIE,0.9,hrs,2024,0.6665,1.25
WIE,0.85,hrs,2024,0.6295,0.75
WIE,0.8,hrs,2024,0.5924,0.5
WIE,0,hrs,2024,0,0
WIN,1.1,hrs,2024,0.543,3
WIN,1.05,hrs,2024,0.5183,2.25
WIN,1,hrs,2024,0.4936,1.75
WIN,0.95,hrs,2024,0.4689,1.5
WIN,0.9,hrs,2024,0.4443,1.25
WIN,0.85,hrs,2024,0.4196,0.75
WIN,0.8,hrs,2024,0.3949,0.5
WIN,0,hrs,2024,0,0
ADC,1.1,hrs,2025,0.3983,2
ADC,1.05,hrs,2025,0.3802,1.5
ADC,1,hrs,2025,0.3621,1.15
ADC,0.95,hrs,2025,0.344,1
ADC,0.9,hrs,2025,0.3258,0.8
ADC,0.85,hrs,2025,0.3077,0.5
ADC,0.8,hrs,2025,0.2896,0.3
ADC,0,hrs,2025,0,0
ASC,1.1,hrs,2025,0.2256,2
ASC,1.05,hrs,2025,0.2153,1.5
ASC,1,hrs,2025,0.205,1.15
ASC,0.95,hrs,2025,0.1948,1
ASC,0.9,hrs,2025,0.1845,0.8
ASC,0.85,hrs,2025,0.1743,0.5
ASC,0.8,hrs,2025,0.164,0.3
ASC,0,hrs,2025,0,0
ATL,1.1,hrs,2025,0.915,3
ATL,1.05,hrs,2025,0.8734,2.25
ATL,1,hrs,2025,0.8319,1.75
ATL,0.95,hrs,2025,0.7903,1.5
ATL,0.9,hrs,2025,0.7487,1.25
ATL,0.85,hrs,2025,0.7071,0.75
ATL,0.8,hrs,2025,0.6655,0.5
ATL,0,hrs,2025,0,0
CHA,1.1,hrs,2025,1.2316,3
CHA,1.05,hrs,2025,1.1756,2.25
CHA,1,hrs,2025,1.1196,1.75
CHA,0.95,hrs,2025,1.0637,1.5
CHA,0.9,hrs,2025,1.0077,1.25
CHA,0.85,hrs,2025,0.9517,0.75
CHA,0.8,hrs,2025,0.8957,0.5
CHA,0,hrs,2025,0,0
CLE,1.1,hrs,2025,0.4735,3
CLE,1.05,hrs,2025,0.452,2.25
CLE,1,hrs,2025,0.4304,1.75
CLE,0.95,hrs,2025,0.4089,1.5
CLE,0.9,hrs,2025,0.3874,1.25
CLE,0.85,hrs,2025,0.3659,0.75
CLE,0.8,hrs,2025,0.3443,0.5
CLE,0,hrs,2025,0,0
DAL,1.1,hrs,2025,0.8082,3
DAL,1.05,hrs,2025,0.7714,2.25
DAL,1,hrs,2025,0.7347,1.75
DAL,0.95,hrs,2025,0.6979,1.5
DAL,0.9,hrs,2025,0.6612,1.25
DAL,0.85,hrs,2025,0.6245,0.75
DAL,0.8,hrs,2025,0.5877,0.5
DAL,0,hrs,2025,0,0
ENA,1.1,hrs,2025,1.8248,2
ENA,1.05,hrs,2025,1.7418,1.5
ENA,1,hrs,2025,1.6589,1.15
ENA,0.95,hrs,2025,1.576,1
ENA,0.9,hrs,2025,1.493,0.8
ENA,0.85,hrs,2025,1.4101,0.5
ENA,0.8,hrs,2025,1.3271,0.3
ENA,0,hrs,2025,0,0
ENT,1.1,hrs,2025,0.5082,2
ENT,1.05,hrs,2025,0.4851,1.5
ENT,1,hrs,2025,0.462,1.15
ENT,0.95,hrs,2025,0.4389,1
ENT,0.9,hrs,2025,0.4158,0.8
ENT,0.85,hrs,2025,0.3927,0.5
ENT,0.8,hrs,2025,0.3696,0.3
ENT,0,hrs,2025,0,0
HAI,1.1,hrs,2025,0.6035,3
HAI,1.05,hrs,2025,0.576,2.25
HAI,1,hrs,2025,0.5486,1.75
HAI,0.95,hrs,2025,0.5212,1.5
HAI,0.9,hrs,2025,0.4938,1.25
HAI,0.85,hrs,2025,0.4663,0.75
HAI,0.8,hrs,2025,0.4389,0.5
HAI,0,hrs,2025,0,0
JVL,1.1,hrs,2025,0.9887,3
JVL,1.05,hrs,2025,0.9438,2.25
JVL,1,hrs,2025,0.8988,1.75
JVL,0.95,hrs,2025,0.8539,1.5
JVL,0.9,hrs,2025,0.8089,1.25
JVL,0.85,hrs,2025,0.764,0.75
JVL,0.8,hrs,2025,0.7191,0.5
JVL,0,hrs,2025,0,0
LOS,1.1,hrs,2025,0.61,3
LOS,1.05,hrs,2025,0.5823,2.25
LOS,1,hrs,2025,0.5546,1.75
LOS,0.95,hrs,2025,0.5268,1.5
LOS,0.9,hrs,2025,0.4991,1.25
LOS,0.85,hrs,2025,0.4714,0.75
LOS,0.8,hrs,2025,0.4436,0.5
LOS,0,hrs,2025,0,0
MCH,1.1,hrs,2025,0.0641,1
MCH,1.05,hrs,2025,0.0612,0.75
MCH,1,hrs,2025,0.0582,0.6
MCH,0.95,hrs,2025,0.0553,0.5
MCH,0.9,hrs,2025,0.0524,0.4
MCH,0.85,hrs,2025,0.0495,0.25
MCH,0.8,hrs,2025,0.0466,0.15
MCH,0,hrs,2025,0,0
MTY,1.1,hrs,2025,0.1576,1
MTY,1.05,hrs,2025,0.1504,0.75
MTY,1,hrs,2025,0.1433,0.6
MTY,0.95,hrs,2025,0.1361,0.5
MTY,0.9,hrs,2025,0.129,0.4
MTY,0.85,hrs,2025,0.1218,0.25
MTY,0.8,hrs,2025,0.1146,0.15
MTY,0,hrs,2025,0,0
MXM,1.1,hrs,2025,0.108,1
MXM,1.05,hrs,2025,0.1031,0.75
MXM,1,hrs,2025,0.0982,0.6
MXM,0.95,hrs,2025,0.0933,0.5
MXM,0.9,hrs,2025,0.0884,0.4
MXM,0.85,hrs,2025,0.0835,0.25
MXM,0.8,hrs,2025,0.0785,0.15
MXM,0,hrs,2025,0,0
MXQ,1.1,hrs,2025,0.344,1
MXQ,1.05,hrs,2025,0.3283,0.75
MXQ,1,hrs,2025,0.3127,0.6
MXQ,0.95,hrs,2025,0.2971,0.5
MXQ,0.9,hrs,2025,0.2814,0.4
MXQ,0.85,hrs,2025,0.2658,0.25
MXQ,0.8,hrs,2025,0.2502,0.15
MXQ,0,hrs,2025,0,0
PHI,1.1,hrs,2025,0.303,3
PHI,1.05,hrs,2025,0.2893,2.25
PHI,1,hrs,2025,0.2755,1.75
PHI,0.95,hrs,2025,0.2617,1.5
PHI,0.9,hrs,2025,0.2479,1.25
PHI,0.85,hrs,2025,0.2342,0.75
PHI,0.8,hrs,2025,0.2204,0.5
PHI,0,hrs,2025,0,0
SGP,1.1,hrs,2025,0.9618,2.3
SGP,1.05,hrs,2025,0.9181,1.75
SGP,1,hrs,2025,0.8744,1.35
SGP,0.95,hrs,2025,0.8307,1.15
SGP,0.9,hrs,2025,0.7869,1
SGP,0.85,hrs,2025,0.7432,0.6
SGP,0.8,hrs,2025,0.6995,0.4
SGP,0,hrs,2025,0,0
STO,1.1,hrs,2025,0.9161,3
STO,1.05,hrs,2025,0.8745,2.25
STO,1,hrs,2025,0.8328,1.75
STO,0.95,hrs,2025,0.7912,1.5
STO,0.9,hrs,2025,0.7495,1.25
STO,0.85,hrs,2025,0.7079,0.75
STO,0.8,hrs,2025,0.6663,0.5
STO,0,hrs,2025,0,0
TOR,1.1,hrs,2025,0.8973,3
TOR,1.05,hrs,2025,0.8565,2.25
TOR,1,hrs,2025,0.8157,1.75
TOR,0.95,hrs,2025,0.7749,1.5
TOR,0.9,hrs,2025,0.7341,1.25
TOR,0.85,hrs,2025,0.6934,0.75
TOR,0.8,hrs,2025,0.6526,0.5
TOR,0,hrs,2025,0,0
WIE,1.1,hrs,2025,0.6503,3
WIE,1.05,hrs,2025,0.6208,2.25
WIE,1,hrs,2025,0.5912,1.75
WIE,0.95,hrs,2025,0.5616,1.5
WIE,0.9,hrs,2025,0.5321,1.25
WIE,0.85,hrs,2025,0.5025,0.75
WIE,0.8,hrs,2025,0.473,0.5
WIE,0,hrs,2025,0,0
WIN,1.1,hrs,2025,0.4777,3
WIN,1.05,hrs,2025,0.456,2.25
WIN,1,hrs,2025,0.4343,1.75
WIN,0.95,hrs,2025,0.4126,1.5
WIN,0.9,hrs,2025,0.3909,1.25
WIN,0.85,hrs,2025,0.3692,0.75
WIN,0.8,hrs,2025,0.3475,0.5
WIN,0,hrs,2025,0,0
CS,1.1,hrs,2025,1.293,3
CS,1.05,hrs,2025,1.235,2.25
CS,1,hrs,2025,1.176,1.75
CS,0.95,hrs,2025,1.117,1.5
CS,0.9,hrs,2025,1.058,1.25
CS,0.85,hrs,2025,0.999,0.75
CS,0.8,hrs,2025,0.941,0.5
CS,0,hrs,2025,0,0
DP/IT,1.1,lines,2025,0.117519282,3
DP/IT,1.05,lines,2025,0.112177496,2.25
DP/IT,1,lines,2025,0.106835711,1.75
DP/IT,0.95,lines,2025,0.101493925,1.5
DP/IT,0.9,lines,2025,0.096152139,1.25
DP/IT,0.85,lines,2025,0.090810354,0.75
DP/IT,0.8,lines,2025,0.085468568,0.5
DP/IT,0,lines,2025,0,0
LVG,1.1,lines,2025,0.1491952,3
LVG,1.05,lines,2025,0.1424136,2.25
LVG,1,lines,2025,0.135632,1.75
LVG,0.95,lines,2025,0.1288504,1.5
LVG,0.9,lines,2025,0.1220688,1.25
LVG,0.85,lines,2025,0.1152872,0.75
LVG,0.8,lines,2025,0.1085056,0.5
LVG,0,lines,2025,0,0
LUB,1.1,lbs,2025,408.58,3
LUB,1.05,lbs,2025,390.01,2.25
LUB,1,lbs,2025,371.44,1.75
LUB,0.95,lbs,2025,352.86,1.5
LUB,0.9,lbs,2025,334.29,1.25
LUB,0.85,lbs,2025,315.72,0.75
LUB,0.8,lbs,2025,297.15,0.5
LUB,0,lbs,2025,0,0
STG,1.1,lbs,2025,392.22,3
STG,1.05,lbs,2025,374.4,2.25
STG,1,lbs,2025,356.57,1.75
STG,0.95,lbs,2025,338.74,1.5
STG,0.9,lbs,2025,320.91,1.25
STG,0.85,lbs,2025,303.08,0.75
STG,0.8,lbs,2025,285.25,0.5
STG,0,lbs,2025,0,0
SUP,1.1,lines,2025,0.0655,3
SUP,1.05,lines,2025,0.0625,2.25
SUP,1,lines,2025,0.0596,1.75
SUP,0.95,lines,2025,0.0566,1.5
SUP,0.9,lines,2025,0.0536,1.25
SUP,0.85,lines,2025,0.0506,0.75
SUP,0.8,lines,2025,0.0477,0.5
SUP,0,lines,2025,0,0
WSW,1.1,hrs,2025,0.869,3
WSW,1.05,hrs,2025,0.83,2.25
WSW,1,hrs,2025,0.79,1.75
WSW,0.95,hrs,2025,0.751,1.5
WSW,0.9,hrs,2025,0.711,1.25
WSW,0.85,hrs,2025,0.672,0.75
WSW,0.8,hrs,2025,0.632,0.5
WSW,0,hrs,2025,0,0
WDS,1.1,hrs,2025,0.618,3
WDS,1.05,hrs,2025,0.59,2.25
WDS,1,hrs,2025,0.562,1.75
WDS,0.95,hrs,2025,0.534,1.5
WDS,0.9,hrs,2025,0.505,1.25
WDS,0.85,hrs,2025,0.477,0.75
WDS,0.8,hrs,2025,0.449,0.5
WDS,0,hrs,2025,0,0
ADC,1.1,hrs,2026,0.185020447,2
ADC,1.05,hrs,2026,0.176610427,1.5
ADC,1,hrs,2026,0.168200407,1.15
ADC,0.95,hrs,2026,0.159790386,1
ADC,0.9,hrs,2026,0.151380366,0.8
ADC,0.85,hrs,2026,0.142970346,0.5
ADC,0.8,hrs,2026,0.134560325,0.3
ADC,0,hrs,2026,0,0
ASC,1.1,hrs,2026,0.19819191,2
ASC,1.05,hrs,2026,0.189183187,1.5
ASC,1,hrs,2026,0.180174464,1.15
ASC,0.95,hrs,2026,0.171165741,1
ASC,0.9,hrs,2026,0.162157018,0.8
ASC,0.85,hrs,2026,0.153148294,0.5
ASC,0.8,hrs,2026,0.144139571,0.3
ASC,0,hrs,2026,0,0
ATL,1.1,hrs,2026,0.741033715,3
ATL,1.05,hrs,2026,0.707350364,2.25
ATL,1,hrs,2026,0.673667013,1.75
ATL,0.95,hrs,2026,0.639983663,1.5
ATL,0.9,hrs,2026,0.606300312,1.25
ATL,0.85,hrs,2026,0.572616961,0.75
ATL,0.8,hrs,2026,0.538933611,0.5
ATL,0,hrs,2026,0,0
CHA,1.1,hrs,2026,0,0
CHA,1.05,hrs,2026,0,0
CHA,1,hrs,2026,0,0
CHA,0.95,hrs,2026,0,0
CHA,0.9,hrs,2026,0,0
CHA,0.85,hrs,2026,0,0
CHA,0.8,hrs,2026,0,0
CHA,0,hrs,2026,0,0
CLE,1.1,hrs,2026,0.476926487,3
CLE,1.05,hrs,2026,0.45524801,2.25
CLE,1,hrs,2026,0.433569533,1.75
CLE,0.95,hrs,2026,0.411891057,1.5
CLE,0.9,hrs,2026,0.39021258,1.25
CLE,0.85,hrs,2026,0.368534103,0.75
CLE,0.8,hrs,2026,0.346855627,0.5
CLE,0,hrs,2026,0,0
DAL,1.1,hrs,2026,0.768884107,3
DAL,1.05,hrs,2026,0.733934829,2.25
DAL,1,hrs,2026,0.698985551,1.75
DAL,0.95,hrs,2026,0.664036274,1.5
DAL,0.9,hrs,2026,0.629086996,1.25
DAL,0.85,hrs,2026,0.594137719,0.75
DAL,0.8,hrs,2026,0.559188441,0.5
DAL,0,hrs,2026,0,0
ENA,1.1,hrs,2026,1.755065302,2
ENA,1.05,hrs,2026,1.675289606,1.5
ENA,1,hrs,2026,1.595513911,1.15
ENA,0.95,hrs,2026,1.515738215,1
ENA,0.9,hrs,2026,1.43596252,0.8
ENA,0.85,hrs,2026,1.356186824,0.5
ENA,0.8,hrs,2026,1.276411129,0.3
ENA,0,hrs,2026,0,0
ENT,1.1,hrs,2026,0.582991596,2
ENT,1.05,hrs,2026,0.556491978,1.5
ENT,1,hrs,2026,0.52999236,1.15
ENT,0.95,hrs,2026,0.503492742,1
ENT,0.9,hrs,2026,0.476993124,0.8
ENT,0.85,hrs,2026,0.450493506,0.5
ENT,0.8,hrs,2026,0.423993888,0.3
ENT,0,hrs,2026,0,0
HAI,1.1,hrs,2026,0.563512877,3
HAI,1.05,hrs,2026,0.537898655,2.25
HAI,1,hrs,2026,0.512284434,1.75
HAI,0.95,hrs,2026,0.486670212,1.5
HAI,0.9,hrs,2026,0.46105599,1.25
HAI,0.85,hrs,2026,0.435441768,0.75
HAI,0.8,hrs,2026,0.409827547,0.5
HAI,0,hrs,2026,0,0
JVL,1.1,hrs,2026,1.060649526,3
JVL,1.05,hrs,2026,1.012438184,2.25
JVL,1,hrs,2026,0.964226842,1.75
JVL,0.95,hrs,2026,0.9160155,1.5
JVL,0.9,hrs,2026,0.867804158,1.25
JVL,0.85,hrs,2026,0.819592816,0.75
JVL,0.8,hrs,2026,0.771381474,0.5
JVL,0,hrs,2026,0,0
LOS,1.1,hrs,2026,0.553166846,3
LOS,1.05,hrs,2026,0.528022898,2.25
LOS,1,hrs,2026,0.502878951,1.75
LOS,0.95,hrs,2026,0.477735003,1.5
LOS,0.9,hrs,2026,0.452591056,1.25
LOS,0.85,hrs,2026,0.427447108,0.75
LOS,0.8,hrs,2026,0.402303161,0.5
LOS,0,hrs,2026,0,0
MCH,1.1,hrs,2026,0.087754418,1
MCH,1.05,hrs,2026,0.083765581,0.75
MCH,1,hrs,2026,0.079776744,0.6
MCH,0.95,hrs,2026,0.075787906,0.5
MCH,0.9,hrs,2026,0.071799069,0.4
MCH,0.85,hrs,2026,0.067810232,0.25
MCH,0.8,hrs,2026,0.063821395,0.15
MCH,0,hrs,2026,0,0
MTY,1.1,hrs,2026,0.186491791,1
MTY,1.05,hrs,2026,0.178014891,0.75
MTY,1,hrs,2026,0.169537992,0.6
MTY,0.95,hrs,2026,0.161061092,0.5
MTY,0.9,hrs,2026,0.152584193,0.4
MTY,0.85,hrs,2026,0.144107293,0.25
MTY,0.8,hrs,2026,0.135630393,0.15
MTY,0,hrs,2026,0,0
MXM,1.1,hrs,2026,0.105353393,1
MXM,1.05,hrs,2026,0.100564603,0.75
MXM,1,hrs,2026,0.095775812,0.6
MXM,0.95,hrs,2026,0.090987021,0.5
MXM,0.9,hrs,2026,0.086198231,0.4
MXM,0.85,hrs,2026,0.08140944,0.25
MXM,0.8,hrs,2026,0.07662065,0.15
MXM,0,hrs,2026,0,0
MXQ,1.1,hrs,2026,0.384083694,1
MXQ,1.05,hrs,2026,0.366625344,0.75
MXQ,1,hrs,2026,0.349166994,0.6
MXQ,0.95,hrs,2026,0.331708644,0.5
MXQ,0.9,hrs,2026,0.314250295,0.4
MXQ,0.85,hrs,2026,0.296791945,0.25
MXQ,0.8,hrs,2026,0.279333595,0.15
MXQ,0,hrs,2026,0,0
PHI,1.1,hrs,2026,0,0
PHI,1.05,hrs,2026,0,0
PHI,1,hrs,2026,0,0
PHI,0.95,hrs,2026,0,0
PHI,0.9,hrs,2026,0,0
PHI,0.85,hrs,2026,0,0
PHI,0.8,hrs,2026,0,0
PHI,0,hrs,2026,0,0
SGP,1.1,hrs,2026,0.942730136,2.3
SGP,1.05,hrs,2026,0.899878767,1.75
SGP,1,hrs,2026,0.857027397,1.35
SGP,0.95,hrs,2026,0.814176027,1.15
SGP,0.9,hrs,2026,0.771324657,1
SGP,0.85,hrs,2026,0.728473287,0.6
SGP,0.8,hrs,2026,0.685621917,0.4
SGP,0,hrs,2026,0,0
STO,1.1,hrs,2026,1.022530824,3
STO,1.05,hrs,2026,0.97605215,2.25
STO,1,hrs,2026,0.929573476,1.75
STO,0.95,hrs,2026,0.883094803,1.5
STO,0.9,hrs,2026,0.836616129,1.25
STO,0.85,hrs,2026,0.790137455,0.75
STO,0.8,hrs,2026,0.743658781,0.5
STO,0,hrs,2026,0,0
TOR,1.1,hrs,2026,0.941377402,3
TOR,1.05,hrs,2026,0.89858752,2.25
TOR,1,hrs,2026,0.855797638,1.75
TOR,0.95,hrs,2026,0.813007756,1.5
TOR,0.9,hrs,2026,0.770217875,1.25
TOR,0.85,hrs,2026,0.727427993,0.75
TOR,0.8,hrs,2026,0.684638111,0.5
TOR,0,hrs,2026,0,0
WIE,1.1,hrs,2026,0.671672605,3
WIE,1.05,hrs,2026,0.641142032,2.25
WIE,1,hrs,2026,0.610611459,1.75
WIE,0.95,hrs,2026,0.580080886,1.5
WIE,0.9,hrs,2026,0.549550313,1.25
WIE,0.85,hrs,2026,0.51901974,0.75
WIE,0.8,hrs,2026,0.488489167,0.5
WIE,0,hrs,2026,0,0
WIN,1.1,hrs,2026,0,0
WIN,1.05,hrs,2026,0,0
WIN,1,hrs,2026,0,0
WIN,0.95,hrs,2026,0,0
WIN,0.9,hrs,2026,0,0
WIN,0.85,hrs,2026,0,0
WIN,0.8,hrs,2026,0,0
WIN,0,hrs,2026,0,0
CS,1.1,hrs,2026,1.317,3
CS,1.05,hrs,2026,1.257,2.25
CS,1,hrs,2026,1.197,1.75
CS,0.95,hrs,2026,1.137,1.5
CS,0.9,hrs,2026,1.077,1.25
CS,0.85,hrs,2026,1.017,0.75
CS,0.8,hrs,2026,0.958,0.5
CS,0,hrs,2026,0,0
DP/IT,1.1,lines,2026,0.12,3
DP/IT,1.05,lines,2026,0.1145,2.25
DP/IT,1,lines,2026,0.1091,1.75
DP/IT,0.95,lines,2026,0.1036,1.5
DP/IT,0.9,lines,2026,0.0982,1.25
DP/IT,0.85,lines,2026,0.0927,0.75
DP/IT,0.8,lines,2026,0.0873,0.5
DP/IT,0,lines,2026,0,0
LVG,1.1,lines,2026,0.1451,3
LVG,1.05,lines,2026,0.1385,2.25
LVG,1,lines,2026,0.1319,1.75
LVG,0.95,lines,2026,0.1253,1.5
LVG,0.9,lines,2026,0.1187,1.25
LVG,0.85,lines,2026,0.1121,0.75
LVG,0.8,lines,2026,0.1055,0.5
LVG,0,lines,2026,0,0
LUB,1.1,lbs,2026,370.59,3
LUB,1.05,lbs,2026,353.75,2.25
LUB,1,lbs,2026,336.9,1.75
LUB,0.95,lbs,2026,320.06,1.5
LUB,0.9,lbs,2026,303.21,1.25
LUB,0.85,lbs,2026,286.37,0.75
LUB,0.8,lbs,2026,269.52,0.5
LUB,0,lbs,2026,0,0
STG,1.1,lbs,2026,418.74,3
STG,1.05,lbs,2026,399.71,2.25
STG,1,lbs,2026,380.67,1.75
STG,0.95,lbs,2026,361.64,1.5
STG,0.9,lbs,2026,342.61,1.25
STG,0.85,lbs,2026,323.57,0.75
STG,0.8,lbs,2026,304.54,0.5
STG,0,lbs,2026,0,0
SUP,1.1,lines,2026,0.0821,3
SUP,1.05,lines,2026,0.0784,2.25
SUP,1,lines,2026,0.0747,1.75
SUP,0.95,lines,2026,0.0709,1.5
SUP,0.9,lines,2026,0.0672,1.25
SUP,0.85,lines,2026,0.0635,0.75
SUP,0.8,lines,2026,0.0597,0.5
SUP,0,lines,2026,0,0
WSW,1.1,hrs,2026,0.829,3
WSW,1.05,hrs,2026,0.792,2.25
WSW,1,hrs,2026,0.754,1.75
WSW,0.95,hrs,2026,0.716,1.5
WSW,0.9,hrs,2026,0.679,1.25
WSW,0.85,hrs,2026,0.641,0.75
WSW,0.8,hrs,2026,0.603,0.5
WSW,0,hrs,2026,0,0
WDS,1.1,hrs,2026,0.583,3
WDS,1.05,hrs,2026,0.556,2.25
WDS,1,hrs,2026,0.53,1.75
WDS,0.95,hrs,2026,0.503,1.5
WDS,0.9,hrs,2026,0.477,1.25
WDS,0.85,hrs,2026,0.45,0.75
WDS,0.8,hrs,2026,0.424,0.5
WDS,0,hrs,2026,0,0
